date,source,description,amount
2020-04-24,"Business Checking",PostNet,50.00
2020-04-27,"Business Checking",PostNet,1.95
2020-04-28,"Business Checking","United Pacific Gas Station",6.67
2020-04-28,"Business Checking","Westmoreland Ac",2.59
2020-04-28,"Business Checking","Prem Auth",87.50
2020-05-05,"Business Checking","Statement Fee",2.00
2020-05-08,"Business Checking",Target,0.18
2020-05-11,"Business Checking","Dinomart At Fis",3.55
2020-06-05,"Business Checking","Probiller Auth",9.99
2020-06-08,"Business Checking","Carl's Jr.",10.97
2020-06-08,"Business Checking","Prem Auth",83.33
2020-06-15,"Business Checking",Square,0.01
2020-06-15,"Business Checking",PostNet,2.50
2020-06-16,"Business Checking",PostNet,1.20
2020-06-19,"Business Checking","Kabbage Micro",1.49
2020-06-25,"Business Checking","Google Kitxoo",1.99
2020-06-25,"Business Checking","Sand Auth",0.95
2020-06-25,"Business Checking","Sand Auth",0.95
2020-06-29,"Business Checking","Miscellaneous Debit Visa Foreign Transaction Fee",0.01
2020-06-29,"Business Checking","Miscellaneous Debit Visa Foreign Transaction Fee",0.01
2020-07-03,"Business Checking","Google Perc",4.99
2020-07-20,"Business Checking","Google Perc",4.99
2020-07-20,"Business Checking","Google Smart",1.99
2020-07-21,"Business Checking","Google Kingsgr",9.99
2020-07-21,"Business Checking","Carl's Jr.",10.98
2020-07-23,"Business Checking","Yacolt Market",7.46
2020-07-27,"Business Checking","Oil Woodburn",50.00
2020-08-24,"Business Checking","Lovejoy Market",10.73
2020-08-27,"Business Checking","Camas Mart",3.79
2020-08-27,"Business Checking","Dinomart At Fish",4.82
2020-08-28,"Business Checking","N Pull Portland",2.00
2020-08-28,"Business Checking","Premi Auth",87.50
2020-08-31,"Business Checking","S Market Portland",10.76
2020-08-31,"Business Checking","United Pacific Gas Station",10.98
2020-08-31,"Business Checking","ATM Village Pant",42.50
2020-08-31,"Business Checking","ATM Fee",2.00
2020-08-31,"Business Checking",Vancouver,50.69
2020-08-31,"Business Checking",Vancouver,8.85
2020-08-31,"Business Checking","Snappys Gas",14.63
2020-08-31,"Business Checking","Heart Gyros Vancouber Wa Auth",15.46
2020-08-31,"Business Checking","T Men Auth",102.09
2020-08-31,"Business Checking","Market Hillsboro",10.76
2020-09-01,"Business Checking","Value Village",19.21
2020-09-01,"Business Checking","Google Kitxoo",1.35
2020-09-02,"Business Checking",Google,2.32
2020-09-02,"Business Checking","Google Zeptolab",4.99
2020-09-03,"Business Checking","Google Iris Stu",19.99
2020-09-03,"Business Checking","A Food Mar",12.13
2020-09-04,"Business Checking","PepsiCo Vending",2.60
2020-09-04,"Business Checking","Regional P Fairview",5.00
2020-09-04,"Business Checking",PostNet,40.00
2020-09-08,"Business Checking","Google Web Aler",2.49
2020-09-08,"Business Checking","Gas Stati Portland",55.80
2020-09-15,"Business Checking","United Pacific Gas Station",12.91
2020-09-16,"Business Checking","T Men Auth",70.00
2020-09-16,"Business Checking","Google Iris Stu",6.99
2020-09-17,"Business Checking","Google Cookapps",19.99
2020-09-17,"Business Checking","Inc Auth",141.95
2020-09-21,"Business Checking","Google Cookapps",2.99
2020-09-21,"Business Checking","Sunset Auto Part",37.86
2020-09-22,"Business Checking","Google Neat Byt",1.99
2020-09-22,"Business Checking","Omo Cornell Mini",5.69
2020-09-23,"Business Checking","Google Anthony",9.99
2020-09-23,"Business Checking","Google Anthony",4.99
2020-09-23,"Business Checking",PostNet,75.00
2020-09-23,"Business Checking","Baxter Auto",74.96
2020-09-23,"Business Checking","Google Cookapps",4.99
2020-09-24,"Business Checking","United Pacific Gas Station",14.43
2020-09-24,"Business Checking","Google Zeptolab",1.99
2020-09-24,"Business Checking","Baxter Auto",11.98
2020-09-24,"Business Checking",ProBiller,9.99
2020-09-28,"Business Checking","Google Elijah",5.99
2020-09-28,"Business Checking","Travel Ce Portland",5.70
2020-10-02,"Business Checking",Auth,24.00
2020-10-02,"Business Checking","Google Cookapps",9.99
2020-10-05,"Business Checking","Van Damme S Auth",119.00
2020-10-07,"Business Checking","Bever Ridgefield Wa Auth",2.00
2020-10-07,"Business Checking","Best Buy",37.87
2020-10-08,"Business Checking","Baxter Auto",57.46
2020-10-09,"Business Checking","And B Tool Sal Auth",25.72
2020-10-13,"Business Checking","N Pull Sherwood",7.54
2020-10-13,"Business Checking","N Pull Sherwood",87.30
2020-10-14,"Business Checking","Ace Beaverton",32.47
2020-10-14,"Business Checking","Carl's Jr.",11.38
2020-10-15,"Business Checking",Sei,6.59
2020-10-19,"Business Checking","S Market Portland",5.88
2020-10-19,"Business Checking","United Pacific Gas Station (Fast Food)",1.99
2020-10-19,"Business Checking","United Pacific Gas Station",6.15
2020-10-19,"Business Checking","United Pacific Gas Station (Fast Food)",4.49
2020-10-19,"Business Checking",Daxiangd,20.00
2020-10-19,"Business Checking","Miscellaneous Debit Visa Foreign Transaction Fee",0.20
2020-10-19,"Business Checking",Food,13.06
2020-10-21,"Business Checking",Walgreens,18.87
2020-10-21,"Business Checking","Dba Prestige Oil",5.40
2020-10-28,"Business Checking","Dashlane Auth",59.99
2020-10-28,"Business Checking","Capital Premium Ins",85.16
2020-10-29,"Business Checking","Age King City",36.69
2020-10-30,"Business Checking","Manageme Mi Auth",99.00
2020-10-31,"Business Checking","T Men Auth",239.72
2020-11-01,"Business Checking",Thriftway,8.44
2020-11-03,"Business Checking","Gsuite Internet Ca Auth",24.00
2020-11-09,"Business Checking",Sei,16.48
2020-12-01,"Business Checking","Google Kitxoo",1.35
2020-12-01,"Business Checking","Prime Video",8.99
2020-12-03,"Business Checking","Manageme Auth",99.00
2020-12-03,"Business Checking","Google (App Purchase from Gsuite_w Cc@)",24.00
2020-12-07,"Business Checking","Carl's Jr.",11.38
2020-12-17,"Business Checking","Evergreen Center",8.50
2020-12-21,"Business Checking","Dinomart At Fish",14.17
2020-12-21,"Business Checking","Google Cookapps",9.99
2020-12-23,"Business Checking","Premi Auth",83.33
2020-12-24,"Business Checking","Google Headupgm",2.99
2020-12-28,"Business Checking",Walgreens,18.77
2020-12-28,"Business Checking","ATM Onpoint Community",40.00
2020-12-31,"Business Checking","Prime Video",8.99
2020-12-31,"Business Checking","Google Kitxoo",1.35
2021-01-01,"Business Checking","Google Cookapps",19.99
2021-01-04,"Business Checking","T Men Auth",135.19
2021-01-04,"Business Checking",Winco,78.48
2021-01-04,"Business Checking","United Pacific Gas Station",10.74
2021-01-04,"Business Checking","Market Portland",16.65
2021-01-04,"Business Checking","Market Portland",4.49
2021-01-04,"Business Checking","Manageme Auth",99.00
2021-01-04,"Business Checking","Google Eric Sam",8.99
2021-01-05,"Business Checking","House Of Pipes",15.00
2021-01-05,"Business Checking",Texaco,46.34
2021-01-06,"Business Checking",Ace,11.28
2021-01-07,"Business Checking","Google Bytro",12.99
2021-01-08,"Business Checking","Carl's Jr.",2.99
2021-01-08,"Business Checking","Camping World",90.25
2021-01-08,"Business Checking","Villa Ace Portland",9.48
2021-01-08,"Business Checking",Auth,27.86
2021-01-11,"Business Checking",PostNet,75.00
2021-01-11,"Business Checking",Winco,60.94
2021-01-11,"Business Checking",Portland,12.86
2021-01-11,"Business Checking","Travel Ce Portland",15.00
2021-01-14,"Business Checking","Plaid Pantriy",11.05
2021-01-14,"Business Checking","Dollar Tree",6.45
2021-01-19,"Business Checking",Winco,91.55
2021-01-19,"Business Checking",Winco,101.93
2021-01-19,"Business Checking","Uc Market",12.37
2021-01-19,"Business Checking","T Men Auth",103.34
2021-01-19,"Business Checking","Google Cookapps",19.99
2021-01-20,"Business Checking","Carl's Jr.",10.18
2021-01-20,"Business Checking","United Pacific Gas Station",13.04
2021-01-21,"Business Checking","Google Cookapps",9.99
2021-01-22,"Business Checking","Tab Snap Loan Payment",46.37
2021-01-26,"Business Checking","Estacada Tru",31.57
2021-01-26,"Business Checking",Pla,5.00
2021-01-28,"Business Checking","Sak Ye Portland",10.48
2021-01-28,"Business Checking","Liberty Mutual",248.80
2021-01-29,"Business Checking","Tab Snap Loan Payment",46.37
2021-01-29,"Business Checking","Dispatch Software",99.00
2021-01-31,"Business Checking","Manageme Mi Auth",90.00
2021-01-31,"Business Checking","Va Auth",16.68
2021-01-31,"Business Checking","Omo Food Stor",4.09
2021-01-31,"Business Checking","Prime Video",8.99
2021-02-01,"Business Checking","Google Cookapps",19.99
2021-02-01,"Business Checking","Gas Stati Portland",6.00
2021-02-01,"Business Checking","Gas Stati Portland",14.05
2021-02-01,"Business Checking","Google Kitxoo",1.35
2021-02-01,"Business Checking",Google,36.00
2021-02-04,"Business Checking","A Boy Electric",8.78
2021-02-05,"Business Checking","Tab Snap Loan Payment",46.37
2021-02-08,"Business Checking","Carl's Jr.",11.38
2021-02-08,"Business Checking","Google Cookapps",4.99
2021-02-12,"Business Checking",Auth,19.95
2021-02-12,"Business Checking","Tab Snap Loan Payment",46.37
2021-02-16,"Business Checking","Shari's Cafe and Pies",23.77
2021-02-17,"Business Checking","T Men Auth",122.65
2021-02-17,"Business Checking","Travel Ce Portland",15.00
2021-02-17,"Business Checking",Portland,5.57
2021-02-18,"Business Checking","Travel Ce Portland",34.98
2021-02-19,"Business Checking","Tab Snap Loan Payment",46.37
2021-02-22,"Business Checking","Rite Aid",7.99
2021-02-22,"Business Checking","Rite Aid",21.85
2021-02-22,"Business Checking","United Pacific Gas Station",14.71
2021-02-22,"Business Checking","United Pacific Gas Station",8.68
2021-02-23,"Business Checking","Google Corecraf",1.05
2021-02-24,"Business Checking","Carl's Jr.",10.38
2021-02-25,"Business Checking","Market Milwaukie",15.06
2021-02-26,"Business Checking",H-Mart,14.86
2021-02-26,"Business Checking","Google Easy Exp",5.99
2021-02-26,"Business Checking","Tab Snap Loan Payment",46.37
2021-02-28,"Business Checking","Plaid Pantries Wood",8.48
2021-02-28,"Business Checking","Plaid Pantries Wood",19.31
2021-02-28,"Business Checking","Google Cookapps",9.99
2021-02-28,"Business Checking","Prime Video",8.99
2021-02-28,"Business Checking","Google Corecraf",4.25
2021-03-01,"Business Checking","Google Kitxoo",1.35
2021-03-05,"Business Checking","Gsuit Auth",37.28
2021-03-05,"Business Checking","Tab Snap Loan Payment",46.37
2021-03-08,"Business Checking","Manageme Auth",99.00
2021-03-08,"Business Checking","Google A Skvort",2.49
2021-03-08,"Business Checking","Carl's Jr.",11.38
2021-03-09,"Business Checking","Deposit For Ope Ration Auth",39.35
2021-03-12,"Business Checking","Tab Snap Loan Payment",46.37
2021-03-15,"Business Checking","WinCo Foods",28.84
2021-03-15,"Business Checking","WinCo Foods",6.60
2021-03-15,"Business Checking","Google Cookapps",19.99
2021-03-15,"Business Checking","Google Bao Weiw",2.99
2021-03-15,"Business Checking","Carl's Jr.",10.38
2021-03-16,"Business Checking","United Pacific Gas Station",21.43
2021-03-19,"Business Checking","Ace Beaverton",9.45
2021-03-19,"Business Checking","Ace Beaverton",1.39
2021-03-19,"Business Checking","Tab Snap Loan Payment",46.37
2021-03-19,"Business Checking",ExxonMobil,56.68
2021-03-19,"Business Checking","Omo Food Cigs",14.53
2021-03-22,"Business Checking","Parkrose West Li",84.02
2021-03-22,"Business Checking",Arby's,9.54
2021-03-22,"Business Checking",Auth,11.98
2021-03-25,"Business Checking","Wilco Farm Store",16.28
2021-03-25,"Business Checking","H Mart",20.16
2021-03-26,"Business Checking","Google Boombit",9.99
2021-03-26,"Business Checking","Grocery Hillsboro",6.62
2021-03-26,"Business Checking","Tab Snap Loan Payment",46.37
2021-03-29,"Business Checking","Google Zeptolab",4.99
2021-03-29,"Business Checking","Google Easy Exp",5.99
2021-03-31,"Business Checking","Prime Video",8.99
2021-03-31,"Business Checking","Omo Food Cigs",5.98
2021-04-01,"Business Checking","Google Kitxoo",1.35
2021-04-02,"Business Checking","Tab Snap Loan Payment",46.37
2021-04-02,"Business Checking","Plaid Pantriy",8.54
2021-04-02,"Business Checking","Google Boombit",9.99
2021-04-02,"Business Checking","Cash Withdrawal",40.00
2021-04-05,"Business Checking","Google Gingerte",6.99
2021-04-09,"Business Checking","Non-Sufficient Funds",30.00
2021-05-01,"Business Checking","Oregon Secretary of State",100.00
2021-05-03,"Business Checking","West Data Draper Auth",79.00
2021-05-04,"Business Checking",Codecademy,39.99
2021-05-04,"Business Checking","Kitxoo Auth",1.35
2021-05-05,"Business Checking",Auth,12.00
2021-05-07,"Business Checking",Bill.com,0.57
2021-05-07,"Business Checking",Bill.com,0.93
2021-05-10,"Business Checking",Walgreens,10.77
2021-05-10,"Business Checking","Airport Parking",3.00
2021-05-13,"Business Checking","T Auth",122.65
2021-05-24,"Business Checking","Ai Games Mountain View Ca Auth",1.99
2021-05-24,"Business Checking","West Data Draper Auth",22.11
2021-05-28,"Business Checking","Googleappse Mountain View Ca Auth",0.99
2021-05-28,"Business Checking","West Data Draper Auth",22.11
2021-06-01,"Business Checking","Ai Games Mountain View Ca Auth",8.99
2021-06-01,"Business Checking","ATM Onpoint Community",20.00
2021-06-01,"Business Checking","Kitxoo Mountain View Ca Auth",1.35
2021-06-01,"Business Checking","T Auth",63.00
2021-06-01,"Business Checking","Boombit Gam Mountain View Ca Auth",9.99
2021-06-01,"Business Checking",Zmart,31.60
2021-06-02,"Business Checking","H Mart",1.99
2021-06-04,"Business Checking",Goodwill,33.96
2021-06-04,"Business Checking","Age Pacific King Auth",6.41
2021-06-07,"Business Checking","T Auth",59.88
2021-06-07,"Business Checking","Food Mart Portland",16.01
2021-06-08,"Business Checking","Hexage Mountain View Ca Auth",1.99
2021-06-08,"Business Checking","Hexage Mountain View Ca Auth",1.99
2021-06-10,"Business Checking","Hexage Mountain View Ca Auth",1.99
2021-06-10,"Business Checking",Portland,3.99
2021-06-11,"Business Checking","Hexage Mountain View Ca Auth",1.99
2021-06-11,"Business Checking",Albertsons,7.08
2021-06-14,"Business Checking","Pipes R N Lombard St Portlan Auth",4.00
2021-06-14,"Business Checking","Reliance Oil Beaverton",13.24
2021-06-14,"Business Checking",Square,0.01
2021-06-14,"Business Checking","West Data Draper Auth",22.11
2021-06-15,"Business Checking","Place Vend Clackamas",1.00
2021-06-15,"Business Checking","Red Auth",170.10
2021-06-16,"Business Checking",PostNet,132.00
2021-06-16,"Business Checking",PostNet,250.00
2021-06-16,"Business Checking","Group Fl Auth",49.99
2021-06-17,"Business Checking",Etsy,4.00
2021-06-18,"Business Checking","Liquor Store No Portland",4.05
2021-06-18,"Business Checking","West Data Draper Auth",4.89
2021-06-18,"Business Checking","Portland Mar",8.28
2021-06-18,"Business Checking","Portland Mar",9.63
2021-06-21,"Business Checking","Travel Center Portland",15.00
2021-06-21,"Business Checking","Travel Center Portland",3.69
2021-06-28,"Business Checking","West Data Draper Auth",439.44
2021-06-28,"Business Checking","Clarify Mobili Auth",285.40
2021-06-28,"Business Checking","Place Vend Clackamas",1.00
2021-06-28,"Business Checking","Place Vend Clackamas",1.00
2021-07-12,"Business Checking","D.C. United",24.88
2021-07-13,"Business Checking","Uber Eats",18.09
2021-07-13,"Business Checking","D.C. United",6.57
2021-07-14,"Business Checking","D.C. United",3.15
2021-07-27,"Business Checking","D.C. United",1.29
2021-07-28,"Business Checking",Payix.net,160.00
2021-07-29,"Business Checking","Mart Portland",6.19
2021-08-03,"Business Checking","Miscellaneous Debit White Knight Roadside Analysis Net Settlement Charge Service Fees Business Checking",8.00
2021-08-03,"Business Checking","Boombit Gam Mountain View Ca Auth",9.99
2021-08-04,"Business Checking",Payix.net,46.52
2021-08-05,"Business Checking","Hannah Honda Vancouver Wa Auth",10.80
2021-08-09,"Business Checking","Il Mountain View Ca Auth",0.99
2021-08-30,"Business Checking","Bearing Co Portland",71.92
2021-08-30,"Business Checking","Boombit Gam",9.99
2021-08-30,"Business Checking","Boombit Gam Auth",1.99
2021-08-30,"Business Checking","Boombit Gam Auth",9.99
2021-08-30,"Business Checking","D.C. United",7.86
2021-09-07,"Business Checking","Reliance Oil Beaverton",2.79
2021-09-07,"Business Checking","At Fishers Vancouver Wa Auth",67.11
2021-09-07,"Business Checking","Auto Parts Beaverton",59.46
2021-09-08,"Business Checking","Boombit Gam Mountain View Ca Auth",9.99
2021-09-08,"Business Checking","T Ivr Auth",95.91
2021-09-10,"Business Checking",Payix.net,1141.92
2021-09-10,"Business Checking","WinCo Foods",12.15
2021-09-10,"Business Checking","WinCo Foods",5.84
2021-09-10,"Business Checking","Place Vend Clackamas",1.00
2021-09-10,"Business Checking","Place Vend Clackamas",2.50
2021-09-10,"Business Checking","Place Vend Clackamas",1.00
2021-09-14,"Business Checking","Harvest Market",12.83
2021-09-15,"Business Checking","One Stop Battle Ground Wa Auth",13.61
2021-09-15,"Business Checking","One Stop Battle Ground Wa Auth",6.64
2021-09-16,"Business Checking","Market Inc Wa Auth",75.00
2021-09-20,"Business Checking","Place Vending Clackamas",1.00
2021-09-20,"Business Checking","Place Vending Clackamas",1.00
2021-09-20,"Business Checking","Place Vending Clackamas",1.35
2021-09-20,"Business Checking","Place Vending Clackamas",1.35
2021-09-20,"Business Checking","T Text Pay Auth",102.91
2021-09-20,"Business Checking","Boombit Game Support Googl Ca Auth",9.99
2021-09-20,"Business Checking","Market Beaverton",9.44
2021-09-20,"Business Checking","In Market Gresham",5.49
2021-09-22,"Business Checking","The Street Beaverton",2.00
2021-09-22,"Business Checking","Ind Tech Auth",117.90
2021-09-22,"Business Checking","Facebook Messenger Payment",300.00
2021-09-22,"Business Checking","Market Beaverton",24.56
2021-09-24,"Business Checking",PostNet,75.00
2021-09-24,"Business Checking","Boombit Game Support Googl Ca Auth",9.99
2021-09-27,"Business Checking","WinCo Foods",29.73
2021-09-27,"Business Checking","WinCo Foods",10.03
2021-09-27,"Business Checking","Corporati Ne Tenney Road Vanc Auth",8.16
2021-09-27,"Business Checking",Uber,18.26
2021-09-27,"Business Checking",Uber,10.00
2021-09-27,"Business Checking","Less Auto Part Auth",180.09
2021-09-27,"Business Checking","Borkowski Support Googl Ca Auth",4.99
2021-09-27,"Business Checking","Boombit Game Support Googl Ca Auth",9.99
2021-09-30,"Business Checking",Selfauthoring.com,29.90
2021-10-01,"Business Checking",Sherwood,7.58
2021-10-01,"Business Checking","Boombit Game Support Googl Ca Auth",9.99
2021-10-04,"Business Checking",Ancestry,24.99
2021-10-04,"Business Checking","Best Buy",104.98
2021-10-05,"Business Checking","Prineside Support Googl Ca Auth",2.99
2021-10-08,"Business Checking",Archives.com,9.99
2021-10-08,"Business Checking","Boombit Game Support Googl Ca Auth",9.99
2021-10-08,"Business Checking","Boombit Game Support Googl Ca Auth",9.99
2021-10-08,"Business Checking","Cedar Hills Parkway Portlan Auth",14.68
2021-10-12,"Business Checking","Boombit Game Support Googl Ca Auth",9.99
2021-10-13,"Business Checking","Oregon City",82.06
2021-10-13,"Business Checking","Oregon City",8.77
2021-10-15,"Business Checking",JOANN,4.79
2021-10-18,"Business Checking","Best Buy",15.88
2021-10-18,"Business Checking","Express Mark Farmington Bea Auth",14.99
2021-10-18,"Business Checking","T Ivr Auth",102.91
2021-10-19,"Business Checking","Auto Parts Tigard",28.98
2021-10-22,"Business Checking","Express Mark Farmington Bea Auth",10.75
2021-10-22,"Business Checking","Reliance Oil Beaverton",4.97
2021-10-25,"Business Checking","Impor Ne St Portl Auth",25.58
2021-10-25,"Business Checking","D.C. United",17.46
2021-10-25,"Business Checking","Mika Mobile Support Googl Ca Auth",4.99
2021-10-25,"Business Checking","Pub Clack Clackamas",20.00
2021-10-25,"Business Checking","Guy Auth",325.00
2021-10-25,"Business Checking","Place Vending Clackamas",1.00
2021-10-25,"Business Checking","D.C. United",5.17
2021-10-25,"Business Checking","Boombit Game Support Googl Ca Auth",9.99
2021-10-26,"Business Checking","Express Mark Farmington Bea Auth",12.80
2021-10-27,"Business Checking","Prineside Support Googl Ca Auth",4.99
2021-10-31,"Business Checking","Boombit Game Support Googl Ca Auth",9.99
2021-11-05,"Business Checking",Ancestry,24.99
2021-11-15,"Business Checking","Check #99624911",232.12
2021-11-29,"Business Checking",Square,554.45
2021-11-30,"Business Checking","World Inc Portland",63.00
2021-11-30,"Business Checking","Place Vending Clackamas",1.00
2021-12-01,"Business Checking","Phillips 66",74.55
2021-12-01,"Business Checking","Auth Purch",330.00
2021-12-01,"Business Checking","Auth Purch",601.00
2021-12-02,"Business Checking","Miscellaneous Debit White Knight Roadside Analysis Net Settlement Charge Service Fees Business Checking",8.00
2021-12-08,"Business Checking","Boombit Gam Auth Purch",9.99
2021-12-09,"Business Checking","Liquor Store Banks",9.05
2021-12-15,"Business Checking","Authority Auth Purch",139.20
2021-12-16,"Business Checking","Check #99607999",270.91
2021-12-17,"Business Checking","Post Auth Purch",39.95
2021-12-17,"Business Checking",Uber,9.03
2021-12-17,"Business Checking","Tools Auth Purch",228.31
2021-12-17,"Business Checking","American Express",551.09
2021-12-20,"Business Checking","At Fish Se Cascade Pa Van Auth Purch",63.76
2021-12-20,"Business Checking",Identifix,89.00
2021-12-22,"Business Checking","N Pull Por Portland",2.00
2021-12-22,"Business Checking","N Pull Por Portland",16.68
2021-12-24,"Business Checking",Caramps.com,42.90
2022-01-03,"Business Checking",REI,141.50
2022-01-05,"Business Checking","Authority Auth Purch",142.16
2022-01-07,"Business Checking","Facebook Messenger Payment - Kathy Douglas",85.00
2022-01-10,"Business Checking","Por Auth Purch",317.68
2022-01-18,"Business Checking","Authority Auth Purch",152.13
2022-01-18,"Business Checking","Marketplace Portland",7.58
2022-01-18,"Business Checking","Auto Parts Tigard",11.49
2022-01-18,"Business Checking","Auto Parts Tigard",169.99
2022-01-18,"Business Checking","Age Southeast Hig Clacka Auth Purch",9.41
2022-01-18,"Business Checking","Age Clackamas",60.48
2022-01-18,"Business Checking","Age Southeast Fost Portla Auth Purch",5.59
2022-01-18,"Business Checking","Boombit Game Support Googl Ca Auth Purch",9.99
2022-01-18,"Business Checking","Corecraft Support Googl Ca Auth Purch",1.05
2022-01-18,"Business Checking","Age Portland",69.25
2022-01-18,"Business Checking","Auto Parts Tigard",80.00
2022-01-18,"Business Checking",Identifix,89.00
2022-01-20,"Business Checking","T Auth Purch",108.99
2022-01-21,"Business Checking","Carl's Jr.",11.18
2022-01-24,"Business Checking","The Human Bean",2.75
2022-01-26,"Business Checking","Authority Auth Purch",208.66
2022-01-26,"Business Checking","Check #99220708",102.69
2022-01-28,"Business Checking","Authority Auth Purch",164.08
2022-01-31,"Business Checking","Willies E Mill Plain Vancouver Auth Purch",76.42
2022-01-31,"Business Checking","True Ne Jr Por Auth Purch",10.60
2022-01-31,"Business Checking","Curi Md Auth Purch",14.99
2022-01-31,"Business Checking","ATM Usaacatm",43.25
2022-01-31,"Business Checking","ATM Fee",2.00
2022-02-01,"Business Checking","Boombit Game Support Googl Ca Auth Purch",1.45
2022-02-02,"Business Checking","Por Auth Purch",308.43
2022-02-02,"Business Checking","Best Buy",61.99
2022-02-03,"Business Checking","Payment - Kathy Dougl",85.00
2022-02-07,"Business Checking","Media L Auth Purch",199.00
2022-02-07,"Business Checking","Mapspay Auth Purch",19.95
2022-02-07,"Business Checking","Miscellaneous Debit Visa Foreign Transaction Fee",0.20
2022-02-10,"Business Checking","Authority Auth Purch",51.50
2022-02-11,"Business Checking","Food Cigs Vaughn St Portla Auth Purch",12.75
2022-02-14,"Business Checking","Percent I Support Googl Ca Auth Purch",4.99
2022-02-15,"Business Checking","The Hartford",48.60
2022-02-17,"Business Checking",Identifix,89.00
2022-02-22,"Business Checking","Var Moto Auth Purch",168.00
2022-02-22,"Business Checking","WinCo Foods",56.48
2022-02-24,"Business Checking",Corsicanu,26.04
2022-02-25,"Business Checking","Post Auth Purch",48.95
2022-02-28,"Business Checking","Place Vending Clackamas",1.00
2022-02-28,"Business Checking","Facebook Messenger Payment - Kathy Douglas",85.00
2022-02-28,"Business Checking",Bumper.com,19.99
2022-02-28,"Business Checking","Replika Support Googl Ca Auth Purch",49.99
2022-03-04,"Business Checking","Check #99291830",43.11
2022-03-07,"Business Checking","Place Vending Clackamas",1.00
2022-03-07,"Business Checking","Place Vending Clackamas",1.35
2022-03-08,"Business Checking","Media L Auth Purch",199.00
2022-03-08,"Business Checking","Percent I Support Googl Ca Auth Purch",4.99
2022-03-09,"Business Checking","Mapspay Auth Purch",19.95
2022-03-09,"Business Checking","Miscellaneous Debit Visa Foreign Transaction Fee",0.20
2022-03-09,"Business Checking","Ai Dungeon Support Googl Ca Auth Purch",9.99
2022-03-09,"Business Checking","Tiktok Live Support Googl Ca Auth Purch",0.99
2022-03-09,"Business Checking","Attservicesi Support Googl Ca Auth Purch",3.99
2022-03-09,"Business Checking","Tiktok Live Support Googl Ca Auth Purch",0.99
2022-03-14,"Business Checking",Arby's,10.24
2022-03-14,"Business Checking",Arby's,4.19
2022-03-15,"Business Checking","D.C. United",45.19
2022-03-17,"Business Checking","Dollar Tree",7.35
2022-03-18,"Business Checking","Var Moto Auth Purch",168.00
2022-03-18,"Business Checking","Percent I Support Googl Ca Auth Purch",14.99
2022-03-21,"Business Checking","Place Vending Clackamas",1.35
2022-03-21,"Business Checking","Place Vending Clackamas",1.35
2022-03-21,"Business Checking","Authority Auth Purch",80.12
2022-03-21,"Business Checking","Parking Portland",4.00
2022-03-21,"Business Checking","Ai Games Support Googl Ca Auth Purch",4.99
2022-03-23,"Business Checking","Three Seven Ne Columbia Port Auth Purch",13.86
2022-03-23,"Business Checking","D.C. United",11.67
2022-03-28,"Business Checking","Place Vending Clackamas",1.35
2022-03-28,"Business Checking",Bumper.com,19.99
2022-03-28,"Business Checking",Uber,12.98
2022-03-28,"Business Checking","Food Cigs Vaughn St Portla Auth Purch",12.38
2022-03-28,"Business Checking","Ace Ne St Port Auth Purch",74.09
2022-03-30,"Business Checking","Tool Supp Auth Purch",38.38
2022-03-30,"Business Checking","Tool Supp Auth Purch",23.94
2022-03-30,"Business Checking","Facebook Messenger Payment - Kathy Douglas",85.00
2022-04-01,"Business Checking","Ace Ne St Port Auth Purch",48.56
2022-04-01,"Business Checking","D.C. United",11.55
2022-04-04,"Business Checking","Grocery Outlet",50.78
2022-04-04,"Business Checking","Union Market Ne M L King Por Auth Purch",21.20
2022-04-04,"Business Checking",Uber,14.94
2022-04-04,"Business Checking","D.C. United",49.57
2022-04-04,"Business Checking","Union Market Ne M L King Por Auth Purch",6.50
2022-04-04,"Business Checking","Office Max",38.56
2022-04-04,"Business Checking","Actionlaunc Auth Purch",6.99
2022-04-05,"Business Checking",HouseMart,17.98
2022-04-07,"Business Checking","Authority Auth Purch",98.87
2022-04-07,"Business Checking","D.C. United",14.61
2022-04-08,"Business Checking","Mapspay Auth Purch",19.95
2022-04-08,"Business Checking","Place Vending Clackamas",2.50
2022-04-08,"Business Checking","Place Vending Clackamas",1.00
2022-04-08,"Business Checking","Place Vending Clackamas",1.35
2022-04-08,"Business Checking","Miscellaneous Debit Visa Foreign Transaction Fee",0.20
2022-04-08,"Business Checking","Laundr Portland",2.50
2022-04-11,"Business Checking","Place Vending Clackamas",2.50
2022-04-11,"Business Checking","Place Vending Clackamas",1.35
2022-04-11,"Business Checking","Ai Dungeon Auth Purch",9.99
2022-04-11,"Business Checking","Place Vending Clackamas",2.00
2022-04-11,"Business Checking","Place Vending Clackamas",1.00
2022-04-11,"Business Checking","The Hartford",43.04
2022-04-11,"Business Checking","Food Mart Boring",16.37
2022-04-12,"Business Checking","Hillsdale Fo Portland",7.50
2022-04-14,"Business Checking","Express Mark Farmington Bea Auth Purch",22.86
2022-04-15,"Business Checking","Auto Parts Portland",17.48
2022-04-18,"Business Checking","ATM Fee",2.00
2022-04-18,"Business Checking",USConnect,3.25
2022-04-19,"Business Checking","Authority Auth Purch",146.15
2022-04-19,"Business Checking","Var Moto Auth Purch",168.00
2022-04-19,"Business Checking","Union Market Ne M L King Por Auth Purch",9.68
2022-04-21,"Business Checking","Authority Auth Purch",138.24
2022-04-21,"Business Checking",Tualatin,1.99
2022-04-22,"Business Checking","Place Vending Clackamas",1.35
2022-04-22,"Business Checking","Place Vending Clackamas",1.00
2022-04-22,"Business Checking","D.C. United",10.96
2022-04-22,"Business Checking","Cigs Express Portland",16.66
2022-04-25,"Business Checking","Authority Auth Purch",76.75
2022-04-27,"Business Checking",Bumper.com,19.99
2022-04-28,"Business Checking","Place Vending Clackamas",2.00
2022-04-28,"Business Checking","Place Vending Clackamas",1.35
2022-05-01,"Business Checking",Goodwill,43.00
2022-05-02,"Business Checking","Place Vending Clackamas",2.00
2022-05-02,"Business Checking","Place Vending Clackamas",1.35
2022-05-02,"Business Checking","Place Vending Clackamas",1.60
2022-05-03,"Business Checking","Place Vending Clackamas",1.10
2022-05-03,"Business Checking","Place Vending Clackamas",1.00
2022-05-03,"Business Checking","Kitxoo Auth Purch",2.49
2022-05-04,"Business Checking","Facebook Messenger Payment - Kathy Douglas",85.00
2022-05-04,"Business Checking",Walgreens,5.20
2022-05-05,"Business Checking","Inc N Portland",5.98
2022-05-06,"Business Checking","Filings L Auth Purch",35.00
2022-05-09,"Business Checking",Walgreens,26.97
2022-05-09,"Business Checking",Teachable.com,30.00
2022-05-09,"Business Checking","Mapspay Auth Purch",19.95
2022-05-09,"Business Checking","Miscellaneous Debit Visa Foreign Transaction Fee",0.20
2022-05-09,"Business Checking","Ai Dungeon Auth Purch",9.99
2022-05-09,"Business Checking","D.C. United",9.08
2022-05-10,"Business Checking","Auth Purch",11.90
2022-05-10,"Business Checking",Kitxoo,3.49
2022-05-11,"Business Checking","The Hartford",46.04
2022-05-13,"Business Checking","Carl's Jr.",13.88
2022-05-16,"Business Checking",NordVPN,59.99
2022-05-17,"Business Checking",Arby's,10.24
2022-05-18,"Business Checking",Walgreens,7.43
2022-05-20,"Business Checking","Auto Transacti Nh Auth Purch",30.00
2022-05-23,"Business Checking","Place Vending Clackamas",1.00
2022-05-24,"Business Checking",PepsiCo,1.60
2022-05-26,"Business Checking","Orego Oregon City",30.95
2022-05-31,"Business Checking","Place Vending Clackamas",1.60
2022-05-31,"Business Checking","Panda Express",15.00
2022-05-31,"Business Checking","Authority Auth Purch",83.87
2022-05-31,"Business Checking","D.C. United",16.32
2022-05-31,"Business Checking",Bumper.com,19.99
2022-05-31,"Business Checking","Place Vending Clackamas",1.00
2022-05-31,"Business Checking","Place Vending Clackamas",1.60
2022-06-01,"Business Checking","Place Vending Clackamas",1.35
2022-06-01,"Business Checking","Place Vending Clackamas",1.00
2022-06-01,"Business Checking",Beaverton,7.77
2022-06-01,"Business Checking","7 Eleven",17.70
2022-06-06,"Business Checking","Place Vending Clackamas",2.50
2022-06-06,"Business Checking","Importer a Httpscloudbus De Auth Purch",84.00
2022-06-06,"Business Checking","Facebook Messenger Payment - Kathy Douglas",85.00
2022-06-07,"Business Checking","Mapspay Auth Purch",19.95
2022-06-07,"Business Checking","Miscellaneous Debit Visa Foreign Transaction Fee",0.20
2022-06-08,"Business Checking","N Dash Portland",3.25
2022-06-08,"Business Checking",Uber,24.39
2022-06-10,"Business Checking","Subscript Httpsdatamine Wa Auth Purch",19.99
2022-06-13,"Business Checking","Stop N Shop",13.17
2022-06-13,"Business Checking","The Hartford",46.04
2022-06-14,"Business Checking","Tools All Ame",61.80
2022-06-14,"Business Checking","D.C. United",33.93
2022-06-21,"Business Checking","Avast Antivirus",47.88
2022-06-21,"Business Checking",Duosuantech,44.99
2022-06-21,"Business Checking","Miscellaneous Debit Visa Foreign Transaction Fee",0.45
2022-06-21,"Business Checking","Place Vending Clackamas",1.00
2022-06-21,"Business Checking","Place Vending Clackamas",1.35
2022-06-22,"Business Checking",Httpswww.com,5.00
2022-06-23,"Business Checking","Auto Transacti Nh Auth Purch",30.00
2022-06-23,"Business Checking",Duosuantech,44.99
2022-06-24,"Business Checking","Miscellaneous Debit Visa Foreign Transaction Fee",0.45
2022-06-24,"Business Checking","File Revie Vancouver Bc Auth Purch",29.00
2022-06-27,"Business Checking","52nd Ave Mar Se Portla Auth Purch",22.93
2022-06-27,"Business Checking","Miscellaneous Debit Visa Foreign Transaction Fee",0.29
2022-06-28,"Business Checking","Place Vending Clackamas",1.50
2022-06-28,"Business Checking",Craigslist,7.00
2022-06-28,"Business Checking","Value Village",18.08
2022-06-28,"Business Checking","Percent Auth Purch",9.99
2022-06-29,"Business Checking",PostNet,90.00
2022-06-29,"Business Checking","Engine Auth Purch",59.00
2022-06-29,"Business Checking","Engine Auth Purch",79.00
2022-06-29,"Business Checking","Engine Auth Purch",199.00
2022-06-29,"Business Checking","Authority Auth Purch",135.59
2022-06-30,"Business Checking","Engine Auth Purch",350.00
2022-06-30,"Business Checking",LegalShield,44.90
2022-06-30,"Business Checking",Uber,22.99
2022-07-01,"Business Checking","Place Vending Clackamas",1.50
2022-07-01,"Business Checking","Place Vending Clackamas",2.00
2022-07-01,"Business Checking","City of Portland",4.00
2022-07-01,"Business Checking",Lime,5.55
2022-07-05,"Business Checking","Auth Purch",254.95
2022-07-05,"Business Checking","Place Vending Clackamas",2.50
2022-07-05,"Business Checking","Place Vending Clackamas",1.00
2022-07-05,"Business Checking","Place Vending Clackamas",2.00
2022-07-05,"Business Checking","Place Vending Clackamas",2.50
2022-07-05,"Business Checking","Wire Auth Purch",14.00
2022-07-05,"Business Checking","Facebook Messenger Payment - Kathy Douglas",85.00
2022-07-06,"Business Checking","WinCo Foods",62.24
2022-07-06,"Business Checking","WinCo Foods",10.91
2022-07-06,"Business Checking","Zillion Wha Auth Purch",4.99
2022-07-07,"Business Checking","Mapspay Auth Purch",19.95
2022-07-07,"Business Checking","Auth Purch",157.95
2022-07-07,"Business Checking","Auth Purch",58.00
2022-07-07,"Business Checking","Authority Auth Purch",206.23
2022-07-07,"Business Checking","Miscellaneous Debit Visa Foreign Transaction Fee",0.20
2022-07-11,"Business Checking","Place Vending Clackamas",1.00
2022-07-11,"Business Checking","Subscript Httpsdatamine Wa Auth Purch",19.99
2022-07-11,"Business Checking","S Troutdale",41.72
2022-07-11,"Business Checking","S Troutdale",4.99
2022-07-11,"Business Checking","The Hartford",46.04
2022-07-18,"Business Checking",Knack.com,39.00
2022-07-18,"Business Checking","Firestone Complete Auto Care",88.81
2022-07-20,"Business Checking","Battery Elect Portland",99.10
2022-07-20,"Business Checking","Auto Transacti Nh Auth Purch",30.00
2022-07-21,"Business Checking",Httpswww.com,5.00
2022-07-25,"Business Checking","Authority Auth Purch",431.65
2022-07-25,"Business Checking","Joinfe Auth Purch",1.00
2022-07-25,"Business Checking","Facebook Messenger Payment - Kathy Douglas",55.00
2022-07-25,"Business Checking","File Revie Vancouver Bc Auth Purch",29.00
2022-07-25,"Business Checking","Miscellaneous Debit Visa Foreign Transaction Fee",0.29
2022-07-26,"Business Checking","Media L Auth Purch",120.00
2022-07-27,"Business Checking","Facebook Messenger Payment - Kathy Douglas",50.00
2022-07-27,"Business Checking","Facebook Messenger Payment - Kathy Douglas",10.00
2022-07-28,"Business Checking","Rev Temp Credit Dispid",44.99
2022-07-28,"Business Checking","Rev Temp Credit Dispid",44.99
2022-07-29,"Business Checking","California Department of Motor Vehicles",0.04
2022-07-29,"Business Checking","California Department of Motor Vehicles",2.00
2022-07-31,"Business Checking","Oregon Vehicle Inspection Program",25.00
2022-07-31,"Business Checking",LegalShield,44.90
2022-07-31,"Business Checking","Sunil Paul Auth Purch",0.99
2022-07-31,"Business Checking","Gas Gro Scappoose",95.32
2022-07-31,"Business Checking","Cycles Beaverton",163.94
2022-08-01,"Business Checking","ATM Fee",2.00
2022-08-01,"Business Checking","ATM Fee",2.00
2022-08-03,"Business Checking","Wire Auth Purch",14.00
2022-08-04,"Business Checking","Payment - Kim Heckman",30.00
2022-08-04,"Business Checking","Httpsimpulsen Wy Auth Purch",24.86
2022-08-05,"Business Checking",Albertsons,25.16
2022-08-05,"Business Checking","Payment - Kathy Dougl",135.00
2022-08-05,"Business Checking","D.C. United",14.70
2022-08-05,"Business Checking",Walgreens,17.32
2022-08-08,"Business Checking","Mapspay Auth Purch",19.95
2022-08-08,"Business Checking","Place Vending Clackamas",1.00
2022-08-08,"Business Checking","Miscellaneous Debit Visa Foreign Transaction Fee",0.20
2022-08-08,"Business Checking","Ai Dungeon Httpsaidungeo Ut Auth Purch",14.99
2022-08-10,"Business Checking","Subscript Httpsdatamine Wa Auth Purch",19.99
2022-08-10,"Business Checking","Payment - Kathy Dougl",5.00
2022-08-10,"Business Checking","Get N Go Gro Molalla Avenue Ore Auth Purch",14.34
2022-08-11,"Business Checking","Oregon Secretary of State",100.00
2022-08-11,"Business Checking","The Hartford",46.04
2022-08-11,"Business Checking","Food Fair Ma Se Duke St Portlan Auth Purch",12.52
2022-08-11,"Business Checking","Grocery Outlet",14.65
2022-08-12,"Business Checking",Myord.com,49.00
2022-08-15,"Business Checking","D.C. United",14.97
2022-08-15,"Business Checking",Myord.com,49.00
2022-08-15,"Business Checking",Saasant.com,9.90
2022-08-15,"Business Checking",Saasant.com,50.00
2022-08-15,"Business Checking",Saasant.com,50.00
2022-08-16,"Business Checking","Auto Transacti Nh Auth Purch",30.00
2022-08-16,"Business Checking","Percent Auth Purch",14.99
2022-08-17,"Business Checking","Management Auth Purch",99.00
2022-08-17,"Business Checking",Saasant.com,9.99
2022-08-18,"Business Checking","Place Vending Clackamas",2.00
2022-08-22,"Business Checking","Auth Purch",169.20
2022-08-22,"Business Checking","Auto Transacti Nh Auth Purch",30.00
2022-08-22,"Business Checking","Authority Auth Purch",28.21
2022-08-22,"Business Checking",Httpswww.com,5.00
2022-08-22,"Business Checking",Knack.com,39.00
2022-08-22,"Business Checking","ATM U S Bank",200.00
2022-08-23,"Business Checking",Goodwill,34.39
2022-08-24,"Business Checking","File Revie Vancouver Bc Auth Purch",29.00
2022-08-25,"Business Checking","Miscellaneous Debit Visa Foreign Transaction Fee",0.29
2022-08-29,"Business Checking","Media L Auth Purch",120.00
2022-08-29,"Business Checking",Target,48.49
2022-08-29,"Business Checking",Arby's,10.84
2022-08-30,"Business Checking",LegalShield,44.90
2022-09-02,"Business Checking",Dbdesigner.net,8.99
2022-09-02,"Business Checking","Auto Parts Portland",137.32
2022-09-02,"Business Checking","Auto Parts Portland",11.58
2022-09-06,"Business Checking","Wire Auth Purch",14.00
2022-09-06,"Business Checking","Water Vendi Winston Salem Nc Auth Purch",0.50
2022-09-06,"Business Checking","Payment - Kathy Dougl",135.00
2022-09-06,"Business Checking","Mapspay Auth Purch",19.95
2022-09-06,"Business Checking","WinCo Foods",44.79
2022-09-06,"Business Checking","Miscellaneous Debit Visa Foreign Transaction Fee",0.20
2022-09-08,"Business Checking","Dungeon Httpsaidungeo Ut Auth Purch",14.99
2022-09-08,"Business Checking",Arby's,10.84
2022-09-09,"Business Checking","Used New T Portland",50.00
2022-09-09,"Business Checking","Point S Tir Vancouver Wa Auth Purch",106.16
2022-09-09,"Business Checking",eBay,126.00
2022-09-12,"Business Checking","Subscript Httpsdatamine Wa Auth Purch",19.99
2022-09-12,"Business Checking","Firestone Complete Auto Care",104.82
2022-09-12,"Business Checking","D.C. United",3.99
2022-09-12,"Business Checking","The Hartford",46.04
2022-09-12,"Business Checking","Google Cloud",100.00
2022-09-13,"Business Checking","Payment - Kim Heckman",30.00
2022-09-14,"Business Checking",Saasant.com,9.90
2022-09-14,"Business Checking","Stop Go Portland",7.97
2022-09-15,"Business Checking","Management Auth Purch",99.00
2022-09-16,"Business Checking",Knack.com,39.00
2022-09-16,"Business Checking","Auto Transacti Nh Auth Purch",30.00
2022-09-16,"Business Checking",Upwork,5.25
2022-09-19,"Business Checking","Trial Ove Till Wa Auth Purch",79.00
2022-09-19,"Business Checking",Saasant.com,9.99
2022-09-19,"Business Checking",Lucid,95.40
2022-09-19,"Business Checking","Authority Auth Purch",75.54
2022-09-20,"Business Checking","Auth Purch",169.20
2022-09-20,"Business Checking","Auto Transacti Nh Auth Purch",30.00
2022-09-20,"Business Checking","Stop Go Portland",13.27
2022-09-22,"Business Checking","Payment - Kim Heckman",30.00
2021-06-25,"Square Checking",Walgreens,9.78
2021-07-31,"Square Checking","Cravings Cigs &",4.68
2021-07-30,"Square Checking","Usa Sneaker Chest Vending",2.00
2021-07-28,"Square Checking","Union Market",12.50
2021-07-27,"Square Checking","Clark Auto Pa s",16.87
2021-07-26,"Square Checking","Parkrose West Linn",32.28
2021-07-26,"Square Checking","All Stop Pipes",10.00
2021-07-24,"Square Checking","Dba Reliance Oil",0.99
2021-07-24,"Square Checking","Usa Sneaker Chest Vending",2.50
2021-07-24,"Square Checking","Google Payment Corp",9.99
2021-07-23,"Square Checking","Value Village",49.55
2021-07-22,"Square Checking","Usa Sneaker Chest Vending",1.00
2021-07-21,"Square Checking","United Paciﬁc",24.17
2021-07-20,"Square Checking","Daleo Auto Service",9.14
2021-07-19,"Square Checking","Usa Sneaker Chest Vending",1.00
2021-07-19,"Square Checking","United Paciﬁc",12.79
2021-07-17,"Square Checking",Buy2,28.93
2021-07-10,"Square Checking","Usa Tech Ven Usa Park",1.10
2021-07-10,"Square Checking","Usa Sneaker Chest Vending",1.00
2021-07-08,"Square Checking","United Paciﬁc",3.98
2021-07-08,"Square Checking",Supercuts,37.00
2021-07-06,"Square Checking","Usa Soda Sna Usa Vend",2.00
2021-07-06,"Square Checking","Usa Sneaker Chest Vending",2.00
2021-07-05,"Square Checking","Usa Sneaker Chest Vending",2.00
2021-07-03,"Square Checking","Division Do It B",6.33
2021-07-03,"Square Checking","Food Sak NW Yeon Ave",10.88
2021-07-03,"Square Checking","Carl's Jr.",10.28
2021-07-02,"Square Checking",Sma,3.69
2021-07-02,"Square Checking",Google,12.00
2021-07-01,"Square Checking",Google,12.00
2021-08-16,"Square Checking","Usa Sneaker Chest Vending",2.00
2021-08-15,"Square Checking","82nd Avenue Gas",12.98
2021-08-13,"Square Checking","Usa Sneaker Chest Vending",2.00
2021-08-09,"Square Checking",Walgreens,15.17
2021-08-07,"Square Checking","Google Payment Corp",9.99
2021-08-07,"Square Checking","Taco Time Beave on",13.15
2021-08-06,"Square Checking","Google Gsuite Irpinket",12.00
2021-08-04,"Square Checking","Dick Hannah Honda",50.86
2021-09-15,"Square Checking","Yacolt Market In",4.38
2021-09-08,"Square Checking","Universal Cycles",20.00
2021-09-04,"Square Checking","Walgreens Sw Far",5.40
2021-09-03,"Square Checking",Google,24.00
2021-09-02,"Square Checking","Merrit 1 Inc 82n",13.68
2021-10-02,"Square Checking",Google,12.00
2022-02-27,"Square Checking","Onpoint Community Credit Union ••••074 Transfer Out",144.60
2022-04-03,"Square Checking",Adjustment,81.87
2022-07-19,"Square Checking","Onpoint Community Credit Union ••••074 Transfer Out",263.29
2022-07-15,"Square Checking","Onpoint Community Credit Union ••••074 Transfer Out",340.26
2022-08-02,"Square Checking","Onpoint Community Credit Union ••••074 Transfer Out",413.67
2022-10-04,"Square Checking","Onpoint Community Credit Union ••••074 Transfer out",289.03
2023-01-18,"Square Checking",Refund,402.97
2023-02-24,"Square Checking","Onpoint Community Credit Union ••••074 Transfer out",500.00
2023-04-19,"Square Checking","Onpoint Community Credit Union ••••074 Transfer out",96.98
2023-07-12,"Square Checking",Uncategorized,1285.43
2023-11-22,"Square Checking",Google,1.99
2023-12-21,"Square Checking",PayPal,30.00
2023-12-21,"Square Checking","Cash by Cash App",20.00
2023-12-22,"Square Checking",Google,1.99
2023-12-23,"Square Checking","Cash by Cash App",40.00
2023-12-25,"Square Checking","Cash by Cash App",30.00
2024-02-22,"Square Checking",Google,1.99
2024-03-16,"Square Checking","Order Concept",164.00
2024-03-16,"Square Checking","Vcn Californiavi",44.95
2024-03-22,"Square Checking",Google,1.99
2024-04-07,"Square Checking",Rocket,82.62
2024-04-07,"Square Checking",Rocket,16.48
2024-04-22,"Square Checking","Park Avenue Market",20.24
2024-04-23,"Square Checking",Twitch,5.99
2024-04-23,"Square Checking","Chatgpt Subscription",20.00
2024-04-27,"Square Checking",Paddle.net,25.00
2024-05-03,"Square Checking","Bito Inc.",14.13
2024-05-04,"Square Checking","Us Market",10.88
2024-05-05,"Square Checking",Www.definedigitalacade,49.00
2024-05-08,"Square Checking","Vercel Pro",20.00
2024-05-19,"Square Checking","United Pacific",30.00
2024-05-22,"Square Checking",Google,1.99
2024-05-23,"Square Checking",Twilio,20.00
2024-05-23,"Square Checking",Twitch,5.99
2024-05-25,"Square Checking",Twilio,20.00
2024-05-25,"Square Checking","Pythagora Technologies",68.85
2024-05-27,"Square Checking",Paddle.net,25.00
2024-06-04,"Square Checking","Bito Inc.",15.00
2024-06-06,"Square Checking",Www.perplexity.ai,20.00
2024-06-06,"Square Checking","Cash by Cash App",30.00
2024-06-07,"Square Checking","Lime Us",7.49
2024-06-07,"Square Checking","Vercel Pro",20.00
2024-06-23,"Square Checking",Twitch,5.99
2024-06-30,"Square Checking","Ppc Ad Editor, Inc",1.00
2024-07-01,"Square Checking","Bito Inc.",15.00
2024-07-01,"Square Checking","Fred Meye Ne 3rd",23.09
2024-07-02,"Square Checking","Ppc Ad Editor, Inc",10.00
2024-07-08,"Square Checking",Rocket,4.98
2024-07-11,"Square Checking","Cash by Cash App",40.00
2024-07-12,"Square Checking",Rocket,14.28
2024-07-21,"Square Checking","Cash by Cash App",30.00
2024-07-22,"Square Checking",Google,1.99
2024-07-22,"Square Checking",Rocket,20.00
2024-07-22,"Square Checking",Rocket,5.20
2024-07-23,"Square Checking","Us Market",30.00
2024-07-23,"Square Checking",Twitch,5.99
2024-07-24,"Square Checking","Us Market",11.19
2024-07-26,"Square Checking",Rocket,27.49
2024-07-26,"Square Checking",Rocket,16.11
2024-07-29,"Square Checking","Ionos Inc",22.00
2024-07-30,"Square Checking",Rocket,30.43
2024-08-02,"Square Checking",TecomLtd,7.99
2024-08-04,"Square Checking","Bito Inc.",15.00
2024-08-23,"Square Checking",Rocket,29.07
2024-08-23,"Square Checking","Cash by Cash App",30.00
2024-08-24,"Square Checking",Twitch,5.99
2024-08-24,"Square Checking",Rocket,32.59
2024-08-24,"Square Checking",Rocket,5.20
2024-08-25,"Square Checking","Ionos Inc",10.00
2024-08-26,"Square Checking",Rocket,22.89
2024-08-26,"Square Checking","Ionos Inc",22.00
2024-08-30,"Square Checking",Rocket,22.49
2024-08-31,"Square Checking",Rocket,4.00
2024-09-01,"Square Checking",Rocket,13.23
2024-09-08,"Square Checking",Rocket,33.16
2024-09-10,"Square Checking",Rocket,2.69
2024-09-10,"Square Checking",Rocket,2.69
2024-09-11,"Square Checking",Rocket,32.06
2024-09-12,"Square Checking","Bito Inc.",15.00
2024-09-13,"Square Checking","Ionos Inc",10.00
2024-09-13,"Square Checking",Rocket,25.18
2024-09-15,"Square Checking",Rocket,37.18
2024-09-15,"Square Checking",Rocket,26.08
2024-09-16,"Square Checking",Rocket,40.07
2024-09-16,"Square Checking",Rocket,17.45
2024-09-23,"Square Checking",Twitch,5.99
2024-09-23,"Square Checking","Good Neighbor Market",55.78
2024-09-24,"Square Checking","Onpoint Community C",47.33
2024-09-24,"Square Checking","Onpoint Community C",69.81
2024-09-24,"Square Checking",Rocket,8.87
2024-09-24,"Square Checking",Rocket,10.64
2024-09-26,"Square Checking","Sylvan Stop & Go",27.67
2024-09-26,"Square Checking",Rocket,18.16
2024-09-26,"Square Checking",Rocket,30.00
2024-09-28,"Square Checking",Rocket,40.07
2024-09-28,"Square Checking",Rocket,11.54
2024-10-01,"Square Checking",Spyfu.com,9.00
2024-10-04,"Square Checking","Bito Inc.",15.00
2024-10-08,"Square Checking",Yelpinc,67.39
2024-10-12,"Square Checking","Ionos Inc",32.00
2024-10-19,"Square Checking",Rocket,17.27
2024-10-20,"Square Checking",Rocket,15.88
2024-10-22,"Square Checking","Van Auto Service",16.38
2024-10-23,"Square Checking",Twitch,5.99
2024-10-27,"Square Checking","Greenburg Sincl",15.78
2024-10-28,"Square Checking","Paddle.net Novelainet",25.00
2024-10-28,"Square Checking","J.r Oregontires&auto",40.00
2024-10-28,"Square Checking",Www.artiphoria.ai,7.00
2024-10-29,"Square Checking","Ionos Inc",22.00
2024-10-31,"Square Checking",Spyfu.com,9.00
2024-11-01,"Square Checking",Rocket,22.81
2024-11-01,"Square Checking",Rocket,11.38
2024-11-02,"Square Checking","Gtl Inmate Phone Svc",8.15
2024-11-03,"Square Checking","Gtl Inmate Phone Svc",4.48
2024-11-03,"Square Checking","Gtl Inmate Phone Svc",3.89
2024-11-04,"Square Checking","Ionos Inc",10.00
2024-11-09,"Square Checking",Rocket,28.12
2024-11-09,"Square Checking",Yelpinc,35.98
2024-11-16,"Square Checking",Walgreens,31.21
2024-11-17,"Square Checking","Van Auto Service",30.00
2024-11-19,"Square Checking","Dollar Tr Se 82n",16.25
2024-11-19,"Square Checking","United Pacific",17.53
2024-11-21,"Square Checking","Fred M Fu Se Burn",20.00
2024-11-22,"Square Checking",Rocket,12.69
2024-11-28,"Square Checking","Paddle.net Novelainet",25.00
2024-11-29,"Square Checking","Ionos Inc",22.00
2024-12-01,"Square Checking",Spyfu.com,9.00
2024-12-01,"Square Checking",Rocket,23.40
2024-12-05,"Square Checking","Ionos Inc",10.00
2024-12-07,"Square Checking",Rocket,20.00
2024-12-08,"Square Checking",Rocket,16.56
2024-12-08,"Square Checking",Rocket,6.64
2024-12-09,"Square Checking","Goodwill N Lomba",25.97
2024-12-13,"Square Checking",Rocket,7.00
2024-12-20,"Square Checking","Lime Pass",6.99
2024-12-22,"Square Checking",Rocket,18.12
2024-12-23,"Square Checking","eBay O 15",58.99
2024-12-31,"Square Checking",Rocket,20.00
2025-01-01,"Square Checking","Ionos Inc",32.00
2025-01-01,"Square Checking","Vercel Inc.",20.00
2025-01-02,"Square Checking",Spyfu.com,9.00
2025-01-02,"Square Checking","Coca Cola Wilsonville",1.85
2025-01-05,"Square Checking",Target,30.00
2025-01-06,"Square Checking",Rocket,19.39
2025-01-07,"Square Checking",Rocket,27.48
2025-01-10,"Square Checking","Van Auto Service",69.09
2025-01-12,"Square Checking",Shenduqrwea,5.30
2025-01-19,"Square Checking","Merrit 1 Inc 82n",50.41
2025-01-20,"Square Checking",Rocket,19.39
2025-01-22,"Square Checking",Stackblitz,25.87
2025-01-23,"Square Checking",Stackblitz,20.00
2025-01-23,"Square Checking",Rocket,10.01
2025-01-24,"Square Checking","Dollar Tr Lloyd C",5.00
2025-01-25,"Square Checking",Rocket,7.95
2025-01-29,"Square Checking",Rocket,20.39
2025-01-29,"Square Checking",Rocket,9.07
2025-01-29,"Square Checking","Google ONE AI Premium",19.99
2025-02-03,"Square Checking",Spyfu.com,9.00
2025-02-05,"Square Checking",Codeium.com,15.00
2025-02-05,"Square Checking","Lime Pass",6.99
2025-02-06,"Square Checking","Van Auto Service",28.38
2025-02-07,"Square Checking",Rocket,7.00
2025-02-15,"Square Checking",Rocket,12.27
2025-02-18,"Square Checking","Abm Pioneer Tower",12.00
2025-02-20,"Square Checking",Rocket,5.88
2025-02-20,"Square Checking",Rocket,7.62
2025-02-20,"Square Checking",Rocket,15.00
2025-02-20,"Square Checking",Rocket,6.28
2025-02-22,"Square Checking","Xai Llc",10.00
2025-02-25,"Square Checking",Stackblitz,50.00
2025-03-03,"Square Checking","Google ONE AI Premium",19.99
2025-03-05,"Square Checking",Spyfu.com,9.00
2025-03-08,"Square Checking",Codeium.com,15.00
2025-03-12,"Square Checking",Con,20.00
2025-03-27,"Square Checking","Cullens Corner Store",4.97
2025-04-02,"Square Checking",Google,19.99
2025-04-07,"Square Checking",Denny's,7.58
2025-04-07,"Square Checking","Civic Food Mart",8.72
2025-04-15,"Square Checking",Con,20.00
2025-04-17,"Square Checking",Denny's,3.99
2025-04-28,"Square Checking",Google,19.99
2025-05-05,"Square Checking","All Stop Pipes And Tob",35.00
2025-05-11,"Square Checking","Star Oil Sinclair",20.00
2025-05-12,"Square Checking","Face Plant",3.40
2025-05-19,"Square Checking","Coca Cola Wilsonville",5.20
2025-05-20,"Square Checking","Vn Market",10.25
2025-05-20,"Square Checking","Vn Market",17.13
2025-05-24,"Square Checking","Coca Cola Wilsonville",3.10
2025-05-24,"Square Checking",Refund,54.28
2025-05-24,"Square Checking","Best Buy",59.99
2025-05-28,"Square Checking","Coca Cola Wilsonville",2.10
2025-06-03,"Square Checking",Afterpay,64.75
2025-06-03,"Square Checking","Google ONE AI Premium",19.99
2025-06-04,"Square Checking",Rocket,3.55
2025-06-05,"Square Checking","Westmoreland Acehardwa",12.99
2025-06-05,"Square Checking","Fred Meye N Inter",28.99
2025-06-05,"Square Checking",Rocket,4.38
2025-06-05,"Square Checking","Huynh Ba Corpora",5.17
2025-06-05,"Square Checking",Rocket,13.91
2025-06-05,"Square Checking",Rocket,12.17
2025-06-08,"Square Checking","Fred Meye Se Div",86.34
2025-06-10,"Square Checking","Coca Cola Wilsonville",3.10
2025-06-15,"Square Checking","Face Plant",13.99
2025-06-16,"Square Checking","Lime Pass",6.99
2025-06-16,"Square Checking",Afterpay,64.75
2025-06-17,"Square Checking","Central Welding Supply",28.15
2025-06-18,"Square Checking","Lime Pass",6.99
2025-06-19,"Square Checking",Walgreens,15.07
2025-06-24,"Square Checking","Fred Meye N Inter",10.16
2025-07-03,"Square Checking","Lombard Market",25.26
2025-07-04,"Square Checking","Google ONE AI Premium",19.99
2025-07-05,"Square Checking","True Value Ne Ha",19.03
2025-07-08,"Square Checking",Afterpay,64.75
2025-07-11,"Square Checking",QFC,15.48
2025-07-12,"Square Checking","Westmoreland Acehardwa",2.69
2025-07-12,"Square Checking","24-Hour Fitness",7.98
2025-07-12,"Square Checking","Goodwill Of Portland",8.97
2025-07-15,"Square Checking",Afterpay,64.75
2025-07-19,"Square Checking","Coca Cola Wilsonville",3.10
2025-07-20,"Square Checking","Goodwill Of Powell",41.54
2025-07-20,"Square Checking","Merrit 1 Inc 82n",6.99
2025-07-21,"Square Checking","Google Character AI C",9.99
2025-07-21,"Square Checking","Bill.com ACCTVERIFY",0.36
2025-07-22,"Square Checking","Value Fill",10.07
2025-07-23,"Square Checking","Troublemaker Barber and Ale Social Club",56.25
2025-07-25,"Square Checking","Alldata.com Diy Faq",19.99
2025-07-26,"Square Checking",24HourFitness,59.99
2025-07-28,"Square Checking",Google,19.99
2025-07-29,"Square Checking",KFC,3.79
2025-07-30,"Square Checking",Walgreens,5.70
2025-08-01,"Square Checking","Advantage Media Part",200.00
2025-08-03,"Square Checking","Lime Pass",6.99
2025-08-05,"Square Checking",Refund,84.24
2025-08-10,"Square Checking","24-Hour Fitness",8.38
2025-08-10,"Square Checking","Merrit 1 Inc 82n",50.87
2025-08-11,"Square Checking",Uaipremiuma,29.99
2025-08-11,"Square Checking","24-Hour Fitness",7.98
2025-08-12,"Square Checking","24 Hour Fitness USA, I",45.48
2025-08-13,"Square Checking","Meta Billing.com",29.95
2025-08-19,"Square Checking","Cursor, Ai Powered Ide",20.00
2025-08-19,"Square Checking",Uber,41.90
2025-08-27,"Square Checking","Sylvan Stop Go",10.28
2025-08-28,"Square Checking",Google,19.99
2025-09-05,"Square Checking","Southpark Garage",6.00
2025-09-09,"Square Checking","Professional Credit Se",331.25
2025-09-09,"Square Checking","Cursor, Ai Powered Ide",60.00
2025-09-10,"Square Checking","Goodwill Of Lombard",35.96
2025-09-12,"Square Checking","24 Hour Fitness USA, I",45.48
2025-09-16,"Square Checking",Con,16.96
2025-09-16,"Square Checking",Con,30.00
2025-09-17,"Square Checking","Past Lives, Llc",60.00
2025-09-21,"Square Checking","Coca Cola Wilsonville",3.35
2025-09-22,"Square Checking","Public Information Services",1.00
2025-09-22,"Square Checking",Emergent,20.00
2025-09-22,"Square Checking",Emergent,20.00
2025-09-23,"Square Checking",Platetovin,5.00
2025-09-24,"Square Checking","Pdx Smash Burger",14.40
2025-09-24,"Square Checking","Stop & Shop",30.00
2025-09-24,"Square Checking","Swan Mart",28.74
2025-09-25,"Square Checking","Lime Pass",6.99
2025-09-26,"Square Checking",Maxai.me,30.00
2025-09-26,"Square Checking",Runpod.io,10.00
2025-09-28,"Square Checking","Dlr As.com Stripe",10.90
2025-09-28,"Square Checking",Google,19.99
2025-09-29,"Square Checking","Lime Pass",6.99
2025-10-06,"Square Checking","Cline Bot Inc",10.85
2025-10-06,"Square Checking","Cline Bot Inc",10.85
2025-10-06,"Square Checking","Vancouver Mall F",11.67
2025-10-12,"Square Checking","Cursor, Ai Powered Ide",60.00
2025-10-14,"Square Checking","Quick Zone",43.37
2025-10-15,"Square Checking","2 Activities",3.27
2025-10-20,"Square Checking","24 Hour Fitness USA, I",16.00
2025-10-20,"Square Checking","2 Activities",3.93
2025-10-21,"Square Checking","Baxter Auto Parts B6",15.99
2025-10-23,"Square Checking","Character AI C",9.99
2025-10-26,"Square Checking",Maxai.me,30.00
2025-11-02,"Square Checking",GSUITE_wkroads,37.20
2025-11-04,"Square Checking","Marathon Taverna",9.00
2025-11-09,"Square Checking","Us Market",10.00
2025-11-09,"Square Checking","Us Market",8.77
2025-11-26,"Square Checking","Dicks Hillsboro Honda",9.85
2025-11-27,"Square Checking","Market N 3",6.38
2025-11-30,"Square Checking","Alldata.com Diy Faq",15.99
2025-12-16,"Square Checking","Baxter Auto Parts B6",2.99
2025-12-16,"Square Checking","Carls Jr Restaurants 8",14.44
2025-12-17,"Square Checking","Stop & Shop",40.00
2025-12-18,"Square Checking","Ed's Market",8.97
2025-12-18,"Square Checking","Alpine 24 Hour Laundro",10.00
2025-12-24,"Square Checking",Store,8.00
2025-12-25,"Square Checking","Carls Jr Restaurants 8",7.68
2026-01-03,"Square Checking","Sylvan Stop Go",13.35
2026-01-05,"Square Checking","82nd Market",23.06
2026-01-10,"Square Checking","Pdx Market & Ga",30.00
2026-01-10,"Square Checking","Goodwill Of Lombard",44.95
2026-01-11,"Square Checking","Pdx Market & Gas",12.38
2026-01-11,"Square Checking",Con,14.57
2026-01-31,"Square Checking","New Seasons Market",25.18
2026-02-13,"Square Checking","Lime Ride",9.50
2026-02-19,"Square Checking","Lime Ride",9.25
2026-02-26,"Square Checking",Marathon,8.01
2026-03-14,"Square Checking","Sylvan Stop Go",23.04
2026-03-16,"Square Checking",Myclaw.ai,19.00
2026-03-17,"Square Checking",Arby's,13.48
2026-03-20,"Square Checking","2 Activities",9.25
2026-03-27,"Square Checking","Crazy For Pizza",16.70
2026-03-29,"Square Checking",Myclaw.ai,10.00
2026-04-04,"Square Checking",Google,1.99
2026-04-07,"Square Checking","Face Plant",3.49
2026-04-14,"Square Checking","Huynh Ba Corpora",26.58
2026-04-14,"Square Checking","Quick Zone",15.00
2026-04-16,"Square Checking","Coca Cola Wilsonville",3.85
2026-04-16,"Square Checking",KFC,6.00
2026-04-22,"Square Checking","Us Market",20.00
2026-04-23,"Square Checking","Stop & Shop",5.00
2026-04-23,"Square Checking","Carls Jr Restaurants 7",20.73
2026-04-27,"Square Checking","Speedy Market & Deli",25.80
2026-05-03,"Square Checking","Ctlp Csc Serviceworks",3.00
2026-05-04,"Square Checking",Google,1.99
2026-05-10,"Square Checking","Goodwill Of Broadway",52.01
2026-05-14,"Square Checking",Arby's,13.59
2026-05-23,"Square Checking","Goodwill Of Broadway",58.23
2026-05-26,"Square Checking","Vcn Californiavitals",41.95
2026-06-04,"Square Checking",Google,1.99
2026-06-08,"Square Checking","Friendly Food",34.90
2026-06-15,"Square Checking",Goodwill,27.86
2026-06-24,"Square Checking","Lombard Market",11.00
2026-07-01,"Square Checking",Triumph,5.00
2026-07-05,"Square Checking","Google One",1.99
2026-07-06,"Square Checking","Tnt Market",9.40
2026-07-12,"Square Checking",Walgreens,17.46
2026-07-12,"Square Checking",Con,6.58
